{
    "mean": 0.8129632227122784,
    "std": 0.1472573500449848
}